,杭州市,桐庐县,淳安县,建德市,宁波市,象山县,宁海县,余姚市,慈溪市,温州市,永嘉县,平阳县,苍南县,文成县,泰顺县,瑞安市,乐清市,龙港市,嘉兴市,嘉善县,海盐县,海宁市,平湖市,桐乡市,湖州市,德清县,长兴县,安吉县,绍兴市,新昌县,诸暨市,嵊州市,金华市,武义县,浦江县,磐安县,兰溪市,义乌市,东阳市,永康市,衢州市,常山县,开化县,龙游县,江山市,舟山市,岱山县,嵊泗县,台州市,三门县,天台县,仙居县,温岭市,临海市,玉环市,丽水市,青田县,缙云县,遂昌县,松阳县,云和县,庆元县,景宁畲族自治县,龙泉市
杭州市,0.0,106.4,199.5,186.1,214.5,272.3,238.2,140.6,152.9,382.3,356.0,434.1,456.2,410.5,454.3,416.6,373.2,447.7,114.4,141.8,115.9,81.1,136.3,82.0,109.4,59.8,137.0,100.4,63.0,160.0,89.8,145.4,211.1,232.8,140.1,201.9,204.3,158.2,159.6,227.6,289.2,333.2,319.2,252.8,340.6,291.5,290.5,331.9,318.2,256.5,217.0,245.2,356.3,268.3,382.0,299.4,351.4,265.2,307.4,317.8,367.1,469.1,388.1,394.2
桐庐县,55.5,0.0,73.1,35.3,138.2,197.1,188.6,138.4,236.1,184.5,164.1,198.5,210.0,193.4,233.3,189.9,186.7,209.5,220.8,117.2,102.6,186.4,110.0,94.9,96.3,62.7,99.0,140.9,81.9,131.5,50.0,100.6,70.2,151.3,63.9,95.5,103.1,74.0,83.4,87.9,82.0,227.1,94.0,148.3,234.3,168.6,176.2,426.9,315.2,171.9,219.6,153.8,202.0,165.7,207.8,125.4,289.2,110.2,98.2,114.6,146.5,245.8,303.6,171.1
淳安县,199.5,99.0,0.0,41.3,376.6,411.0,351.0,314.0,335.1,362.3,342.0,394.0,403.5,340.4,356.3,385.9,377.9,404.5,311.5,339.6,314.7,280.6,335.8,278.1,261.9,206.1,267.5,194.8,235.0,270.9,175.5,259.7,124.7,164.2,126.2,224.8,90.3,158.4,182.3,189.3,109.7,141.0,120.4,98.7,157.2,462.5,473.1,525.7,381.3,352.4,296.0,276.5,399.4,330.7,403.3,229.5,305.3,220.2,172.8,203.8,260.7,331.8,286.2,256.2
建德市,85.0,35.4,49.9,0.0,167.7,218.7,201.5,168.0,309.9,179.9,159.5,192.1,203.6,164.3,204.2,185.4,182.1,204.7,300.4,146.8,132.2,266.2,139.6,124.5,126.7,93.2,129.5,202.4,111.5,161.1,79.6,113.5,48.8,124.5,88.9,107.7,51.4,69.0,79.7,79.6,53.0,147.3,65.2,76.1,155.3,198.2,205.8,502.8,340.5,184.7,257.0,167.2,197.5,166.2,203.2,117.2,267.0,102.0,69.1,85.5,117.4,216.7,255.6,142.0
宁波市,95.4,130.9,197.9,160.9,0.0,88.5,92.6,38.8,73.6,175.0,180.7,189.0,200.5,211.6,253.5,180.4,173.8,200.0,194.1,101.9,99.9,174.3,100.2,108.4,139.7,122.2,144.6,309.2,78.1,92.1,103.5,103.7,144.3,308.3,260.3,113.7,332.5,115.1,112.2,162.2,181.8,480.0,209.3,382.4,474.4,64.9,72.4,187.3,202.5,90.5,149.1,128.6,128.2,104.8,150.5,198.3,346.5,184.6,198.1,200.0,194.9,344.0,427.9,266.8
象山县,272.3,320.2,411.0,375.9,72.6,0.0,71.3,139.6,144.9,300.7,279.8,357.8,389.3,383.7,449.5,334.3,261.5,370.7,265.8,263.6,220.1,243.2,235.0,269.2,349.2,326.2,382.7,370.7,209.4,140.2,238.5,151.4,330.2,314.5,287.2,218.2,353.2,262.4,238.6,282.9,446.3,498.4,505.7,399.7,488.3,97.9,141.1,224.5,151.7,92.8,137.2,196.6,197.3,147.6,242.2,330.2,321.0,292.9,406.1,388.3,405.1,514.9,411.8,462.4
宁海县,238.2,266.0,351.0,313.9,99.1,71.3,0.0,131.2,149.0,240.8,217.8,299.3,330.0,318.1,382.7,276.1,206.4,312.7,261.9,267.3,218.0,230.8,239.2,256.3,330.6,296.5,363.4,338.5,176.7,84.1,185.5,98.1,262.0,244.2,225.2,147.9,287.0,197.1,172.8,212.2,378.3,430.3,439.6,331.8,418.9,161.9,199.4,281.4,105.4,31.1,66.1,125.9,152.9,82.8,194.2,259.1,253.9,221.7,335.2,317.1,334.6,445.0,342.1,391.3
余姚市,140.6,215.4,314.0,287.1,74.5,139.6,131.2,0.0,27.4,347.2,321.4,405.4,433.6,406.2,464.1,383.7,321.9,419.4,131.3,136.2,86.8,104.2,108.4,130.2,209.7,189.4,243.2,234.7,82.4,96.8,142.3,92.3,271.0,272.4,207.2,193.3,281.9,198.5,181.8,250.1,377.8,428.1,424.8,333.4,426.4,152.4,159.1,219.0,233.6,159.6,150.5,208.0,279.9,196.7,317.3,317.2,340.7,277.0,364.4,359.8,394.7,506.1,409.3,439.7
慈溪市,80.5,116.0,183.0,145.9,48.7,107.6,111.6,23.8,0.0,194.1,194.2,208.0,219.5,230.7,272.5,199.5,192.9,219.0,120.9,96.6,85.0,101.5,94.9,93.4,124.7,107.3,129.7,241.2,63.2,93.7,88.6,93.2,144.7,299.5,232.2,125.6,307.0,113.6,120.6,162.6,182.1,452.4,204.0,358.6,451.6,79.1,86.7,193.8,253.5,109.6,175.2,142.7,147.2,123.9,169.5,200.1,367.3,184.9,198.5,211.8,206.7,345.8,436.7,269.1
温州市,382.3,334.3,362.3,322.5,338.9,300.7,240.8,347.2,372.2,0.0,26.6,58.8,89.2,96.2,162.3,36.5,46.5,72.5,459.0,474.2,423.8,419.7,449.7,440.0,491.7,437.9,518.5,465.2,343.5,252.9,293.5,262.0,237.8,198.1,270.4,180.5,272.0,237.0,226.2,177.3,315.2,354.9,385.1,282.7,328.5,398.3,439.0,521.8,153.0,211.3,197.0,142.3,118.9,158.2,81.9,138.9,65.1,142.4,231.8,194.4,167.1,249.6,156.8,229.9
永嘉县,356.0,310.0,342.0,301.7,315.1,279.8,217.8,321.4,346.6,26.6,0.0,84.1,113.1,107.6,174.9,62.8,43.7,98.0,432.4,447.7,397.4,393.1,423.4,413.4,465.3,411.8,492.3,439.6,316.8,226.6,267.3,235.5,217.4,177.9,246.1,154.2,251.9,212.2,200.6,154.8,301.1,343.1,371.4,266.2,318.1,376.9,416.8,499.2,135.9,189.0,171.5,115.7,108.2,135.0,79.5,124.5,59.2,121.9,220.4,184.4,164.7,256.3,158.3,228.6
平阳县,204.1,199.5,231.3,192.8,205.5,172.5,155.3,210.0,430.6,28.6,53.2,0.0,17.8,37.9,79.7,12.3,60.7,26.3,515.0,253.7,236.2,475.4,246.5,231.4,254.4,225.8,257.1,512.8,199.4,183.4,168.1,157.1,160.6,232.9,314.5,127.3,304.7,150.0,149.8,165.9,178.3,365.9,205.8,306.3,336.9,233.7,241.3,579.9,208.0,148.0,255.5,140.7,89.7,114.2,74.1,92.6,89.5,139.3,203.0,116.0,83.2,229.8,146.8,152.6
苍南县,228.2,223.6,255.4,216.9,229.5,196.5,179.3,234.0,459.1,52.6,77.3,29.9,0.0,61.9,103.8,36.7,84.8,50.8,540.6,277.7,260.3,500.6,270.5,255.5,278.5,249.8,281.2,531.7,223.4,207.5,192.2,181.2,184.7,246.3,332.1,151.3,315.7,174.0,173.9,189.9,202.3,364.1,229.9,312.2,333.9,257.8,265.3,610.9,239.8,172.0,284.4,164.7,113.7,138.2,98.1,116.7,105.8,163.3,227.0,140.1,107.2,253.9,139.3,176.7
文成县,220.2,192.8,207.3,164.1,228.2,195.3,178.0,232.7,432.9,51.5,69.3,37.4,48.9,0.0,51.0,36.3,77.6,50.4,502.9,269.7,252.3,462.4,262.5,247.5,270.5,241.8,273.2,479.2,215.4,206.2,184.1,173.2,155.4,188.8,279.3,143.3,254.5,159.8,159.6,160.7,149.6,297.2,177.1,247.1,267.3,256.5,264.1,598.4,243.3,170.7,263.2,163.4,112.4,136.9,96.8,108.7,65.8,155.3,174.3,87.3,54.5,201.1,74.0,123.9
泰顺县,262.2,233.1,247.6,204.5,270.2,237.2,220.0,274.7,491.1,93.5,111.3,79.4,90.9,51.6,0.0,80.1,119.6,94.1,553.0,311.7,294.3,512.4,304.5,289.4,312.4,283.8,315.2,513.9,257.4,248.2,226.1,215.2,195.8,223.3,317.2,185.3,278.1,200.1,199.9,201.0,189.9,285.9,217.4,258.2,254.1,298.5,306.0,661.7,310.6,212.7,325.5,205.4,154.4,178.9,138.8,150.6,128.8,197.3,214.6,127.6,94.8,241.4,70.6,164.2
瑞安市,198.0,193.4,225.2,188.1,199.7,166.7,149.5,204.2,408.7,19.8,47.1,12.4,24.7,36.4,79.6,0.0,53.5,20.9,495.1,247.5,230.1,455.7,240.3,225.3,248.3,219.6,251.0,497.6,193.2,177.7,161.9,151.0,154.5,222.9,300.7,121.1,296.0,143.8,143.7,159.7,173.8,366.3,201.4,301.4,338.3,228.0,235.5,556.5,184.6,142.2,233.5,134.9,83.9,108.4,68.3,86.5,80.9,133.1,198.5,111.6,83.0,229.7,153.9,152.5
乐清市,194.3,203.5,236.4,199.4,161.0,129.4,112.2,165.6,345.5,51.4,57.2,65.4,76.9,88.0,129.9,56.9,0.0,76.4,440.3,221.7,200.2,402.3,212.7,208.6,239.3,221.1,244.3,461.8,170.3,139.0,172.0,129.6,165.7,215.1,274.6,131.2,288.5,153.9,153.7,170.9,197.7,385.8,225.2,306.4,361.3,189.3,196.9,484.8,110.8,103.6,172.0,96.2,46.5,69.7,31.0,110.3,102.5,157.0,221.4,135.4,130.3,279.4,200.1,202.2
龙港市,447.7,390.3,404.5,367.0,411.1,370.7,312.7,419.4,444.6,72.5,98.0,14.0,21.4,76.6,123.6,36.6,109.6,0.0,529.0,545.0,494.9,489.3,521.0,508.9,557.0,501.4,582.5,525.8,412.4,324.4,358.0,333.0,283.4,244.4,327.1,246.4,315.6,296.3,288.9,230.8,340.3,372.4,407.4,315.6,343.0,468.5,510.1,593.1,220.4,282.8,269.4,213.0,180.4,230.4,136.6,175.0,101.3,192.6,252.9,214.4,170.1,220.5,150.6,224.2
嘉兴市,57.2,102.3,160.4,132.3,115.6,177.1,179.2,99.5,120.9,224.7,204.3,238.7,250.2,255.1,297.0,230.1,226.8,249.7,0.0,32.5,50.2,40.6,48.5,27.6,77.4,80.9,82.4,155.3,75.8,111.5,90.2,107.8,145.9,337.6,249.1,135.6,317.4,115.2,124.6,163.8,178.6,447.3,190.3,366.8,455.0,133.4,140.9,243.1,361.6,162.4,269.5,160.5,202.5,156.2,216.1,201.3,439.8,186.1,194.7,211.1,216.8,342.3,490.1,267.6
嘉善县,141.8,248.1,339.6,327.8,191.0,263.6,267.3,136.2,120.5,474.2,447.7,531.0,557.3,521.9,573.7,510.5,453.3,545.0,28.3,0.0,50.8,63.8,28.7,61.6,120.7,144.5,149.0,181.5,139.0,222.0,211.2,212.2,345.8,360.9,274.0,304.2,343.6,282.5,275.3,347.9,430.8,474.9,459.8,393.3,482.2,232.1,209.2,219.2,369.6,295.8,281.5,332.1,415.4,330.4,451.5,420.0,458.1,381.8,443.3,449.0,493.5,600.4,512.0,527.7
海盐县,115.9,218.4,314.7,297.8,148.5,220.1,218.0,86.8,75.2,423.8,397.4,480.9,507.5,473.6,526.7,460.2,402.5,494.9,45.7,50.8,0.0,38.0,26.9,57.4,137.7,139.4,170.3,182.8,94.9,171.3,169.7,161.9,306.1,317.9,235.1,255.9,307.5,239.5,230.0,302.6,398.4,444.9,433.5,358.4,449.4,202.9,189.2,218.5,319.4,245.9,230.7,281.9,364.9,279.7,400.7,374.0,409.3,335.2,403.5,406.5,448.8,557.2,466.5,485.9
海宁市,46.2,91.4,149.5,121.3,101.7,160.6,162.7,89.4,101.5,211.2,190.8,225.2,236.7,241.6,283.5,216.7,213.4,236.2,40.6,47.5,33.4,0.0,38.4,32.7,71.7,69.2,76.6,145.5,61.1,95.0,76.6,93.1,133.1,297.6,210.2,122.2,280.1,102.5,111.8,151.0,167.6,413.5,179.4,330.2,419.7,123.3,130.8,256.4,327.3,145.9,232.7,144.0,186.0,139.7,199.6,188.6,399.5,173.4,183.8,200.2,203.3,331.3,449.7,256.6
平湖市,62.4,107.6,165.7,137.5,82.9,146.5,150.6,66.8,91.8,221.5,201.1,235.5,247.0,251.9,293.8,227.0,223.7,246.5,39.0,62.4,46.9,55.2,0.0,55.3,93.7,85.4,98.6,191.7,70.1,100.6,92.9,100.1,149.3,344.4,260.7,132.5,332.4,118.7,127.5,167.2,183.8,468.0,195.6,383.0,473.4,100.7,108.2,206.1,342.0,148.5,255.5,149.7,186.2,145.4,205.3,204.8,436.0,189.6,200.0,216.4,213.6,347.5,493.4,272.8
桐乡市,41.9,87.1,145.1,117.0,112.5,171.4,173.4,101.5,126.7,209.5,189.0,223.4,234.9,239.9,281.7,214.9,211.6,234.4,33.4,46.1,51.9,26.0,50.6,0.0,62.2,65.7,67.1,127.1,60.5,105.7,74.9,92.5,130.7,309.4,219.2,120.4,285.9,100.0,109.3,148.5,163.3,414.2,175.1,334.7,422.4,135.4,143.0,271.0,351.8,156.6,255.9,145.6,194.1,150.5,210.4,186.1,417.2,170.9,179.5,195.9,201.6,327.0,463.2,252.3
湖州市,54.1,90.6,141.4,121.1,143.3,202.2,204.2,131.6,208.1,234.2,213.8,248.2,259.7,264.6,306.5,239.6,236.4,259.2,99.0,85.2,82.8,106.7,76.0,65.2,0.0,57.1,21.1,72.2,91.4,136.6,99.7,123.3,155.2,336.0,242.0,145.2,295.2,124.7,134.1,172.8,167.4,402.8,179.2,338.0,416.8,165.5,173.1,339.9,420.2,187.5,320.6,176.5,224.9,181.3,241.2,210.4,460.2,195.2,183.6,199.9,226.3,331.1,491.3,256.4
德清县,37.7,67.8,118.5,98.2,130.9,189.8,192.0,124.8,195.8,215.9,195.5,229.8,241.3,246.3,288.2,221.3,218.0,240.9,116.8,79.4,74.8,101.6,76.7,57.1,40.4,0.0,43.1,45.4,78.0,124.3,81.4,110.0,132.3,276.2,182.3,126.8,234.7,105.4,114.8,150.0,144.5,346.4,156.3,278.2,358.9,161.4,168.9,356.5,378.0,175.2,276.8,163.1,211.6,169.0,228.9,187.5,403.3,172.3,160.7,177.1,208.0,308.2,431.3,233.5
长兴县,137.0,208.1,267.5,274.3,314.5,382.7,363.4,243.2,241.5,518.5,492.3,569.1,590.0,540.9,579.4,552.4,510.3,582.5,129.7,149.0,170.3,140.1,168.6,114.8,33.5,81.2,0.0,72.7,189.2,292.1,225.1,278.1,327.0,356.1,262.5,338.1,310.1,288.1,293.6,357.0,375.1,408.0,382.0,350.0,424.3,373.0,355.7,367.1,451.7,385.7,351.5,382.3,491.6,403.2,518.7,426.7,484.5,395.7,416.2,434.3,487.8,581.5,510.7,504.8
安吉县,51.5,75.2,123.7,105.7,144.8,203.7,205.8,144.0,241.2,223.3,202.9,237.3,248.8,253.7,295.6,228.8,225.5,248.3,155.3,108.1,95.9,145.5,98.9,88.0,52.2,41.2,49.4,0.0,91.9,138.1,88.8,123.9,139.7,291.8,200.1,134.3,240.5,112.8,122.2,157.4,152.0,335.4,163.7,278.4,351.6,175.3,182.8,397.8,415.8,189.1,314.4,177.0,225.4,182.9,242.8,195.0,425.9,179.8,168.1,184.5,215.5,315.7,444.4,241.0
绍兴市,41.9,73.2,140.2,103.1,86.7,145.6,146.2,86.9,100.5,176.3,155.8,190.2,201.7,206.7,248.5,181.7,178.4,201.2,118.4,81.8,63.5,78.0,74.7,59.5,86.9,68.7,91.9,162.8,0.0,80.0,41.7,58.2,101.5,223.1,141.4,87.2,215.2,70.8,80.1,119.3,138.9,356.9,161.2,266.7,358.8,117.1,124.7,291.2,262.6,129.4,163.2,111.3,159.7,123.2,177.3,156.9,321.6,141.7,155.2,171.6,168.4,302.6,373.1,225.9
新昌县,96.0,131.5,198.5,161.4,115.3,125.2,107.9,115.8,123.5,164.0,169.7,178.0,189.5,200.6,242.5,169.4,162.8,189.0,208.9,122.0,100.4,171.7,112.9,108.9,140.2,122.8,145.2,259.4,70.5,0.0,100.6,104.7,147.9,188.0,147.2,117.3,215.6,118.6,115.7,165.8,185.3,362.5,212.9,264.1,355.3,145.8,153.3,302.6,159.5,91.2,61.1,118.9,131.3,83.6,143.6,201.8,243.9,188.1,201.6,203.5,198.5,347.6,315.0,270.4
诸暨市,89.8,81.7,175.5,145.4,201.2,238.5,185.5,142.3,166.3,293.5,267.3,344.5,366.4,321.3,367.2,327.3,287.1,358.0,187.9,211.2,169.7,147.9,195.8,160.4,199.0,144.5,225.1,175.3,75.1,101.6,0.0,88.2,136.5,149.8,66.8,113.1,141.5,71.7,69.8,139.7,236.4,286.1,282.7,193.1,285.9,287.4,300.6,360.1,245.0,195.0,145.1,159.9,278.0,192.8,299.0,212.2,261.6,176.4,233.8,237.8,283.1,389.2,302.8,316.7
嵊州市,76.8,112.3,179.3,142.3,73.8,107.3,90.0,72.7,119.6,147.4,153.1,161.4,172.9,184.0,225.9,152.8,146.2,172.4,197.9,102.8,81.2,159.9,93.7,89.7,121.0,103.6,126.0,244.7,51.3,65.6,81.5,0.0,118.8,185.0,137.5,88.2,207.8,89.6,86.7,136.7,156.2,355.1,183.8,257.2,349.1,104.9,112.5,303.8,173.6,73.2,74.0,101.0,113.4,67.1,127.0,172.8,249.8,159.1,172.6,174.5,169.4,318.5,317.2,241.3
金华市,211.1,119.3,124.7,84.7,315.4,330.2,262.0,271.0,297.2,237.8,217.4,272.2,284.5,225.1,254.1,262.6,253.8,283.4,320.9,345.8,306.1,282.0,331.9,290.8,309.2,248.8,327.0,260.1,211.6,196.0,136.5,190.1,0.0,39.8,71.8,117.3,34.7,72.9,93.6,66.5,116.3,168.3,179.7,69.7,159.3,401.2,422.9,489.7,268.6,255.0,198.5,162.7,280.4,221.7,280.4,109.6,182.7,95.5,97.6,107.8,160.9,258.1,184.3,183.1
武义县,140.2,130.6,160.7,123.6,165.0,174.8,157.6,164.0,299.5,125.5,105.1,139.1,150.6,134.2,174.1,130.9,127.6,150.2,337.6,189.8,172.3,297.6,182.6,167.5,190.5,161.9,193.2,291.8,135.5,156.8,104.2,93.2,90.0,0.0,94.0,63.4,74.0,71.8,71.7,95.2,129.4,190.6,156.9,96.8,175.7,196.1,203.7,488.6,237.9,140.9,178.6,137.0,143.0,111.7,148.7,90.7,143.4,117.6,145.7,92.4,87.3,236.4,155.5,159.2
浦江县,83.6,77.9,130.1,93.0,137.5,179.8,162.6,138.0,232.2,157.5,137.1,171.4,182.9,181.9,221.8,162.9,159.6,182.5,249.1,133.2,116.5,210.2,126.0,110.9,133.9,104.1,136.6,200.1,83.1,126.8,51.2,74.6,63.5,94.0,0.0,68.8,74.9,31.3,38.3,81.4,100.9,221.1,128.5,126.5,219.5,168.0,175.5,426.0,259.4,145.8,170.1,128.4,175.0,139.7,180.7,118.9,226.4,103.7,117.2,133.6,135.0,264.6,249.4,187.9
磐安县,100.4,95.8,145.7,108.6,125.2,158.7,141.4,124.1,220.6,112.3,91.8,126.2,137.7,142.7,184.5,117.7,114.4,137.2,285.6,150.0,132.5,245.3,142.8,127.7,150.7,122.1,153.4,286.8,95.6,117.0,64.4,53.4,79.1,96.3,105.0,0.0,146.6,49.9,47.0,89.4,116.6,284.1,144.1,186.5,271.4,156.3,163.9,401.8,156.5,124.6,82.5,107.2,129.8,98.5,135.5,107.7,154.2,111.7,132.9,109.4,104.4,253.5,216.1,176.3
兰溪市,120.9,71.2,85.7,42.6,172.0,205.5,188.2,171.0,307.0,164.1,143.6,177.6,189.1,172.8,212.7,169.5,166.2,188.8,317.4,176.5,159.8,280.1,169.3,154.2,162.6,129.1,165.3,240.5,126.4,163.8,94.5,100.2,32.4,74.0,74.9,94.5,0.0,55.8,66.5,63.3,63.2,147.5,88.0,51.7,144.6,203.1,210.7,500.8,300.7,171.5,225.6,154.0,181.6,150.3,187.3,100.9,215.6,85.7,79.6,95.9,125.9,226.9,207.5,150.2
义乌市,158.2,98.7,158.4,118.8,243.1,262.4,197.1,198.5,224.9,237.0,212.2,283.3,302.6,253.2,296.3,268.4,239.3,296.3,259.6,282.5,239.5,219.4,266.0,232.1,264.9,206.9,288.1,229.5,144.6,124.8,71.7,117.8,72.9,78.4,36.2,68.9,91.0,0.0,24.4,69.5,185.8,237.7,243.3,139.5,231.4,329.3,350.0,416.9,224.2,195.2,138.3,122.2,246.8,172.8,258.1,141.3,196.8,107.7,166.6,167.0,211.4,318.0,231.2,246.6
东阳市,91.5,85.8,116.8,79.7,124.0,157.5,140.2,122.9,208.8,135.1,114.7,149.1,160.6,159.5,199.5,140.5,137.2,160.1,253.9,141.1,124.4,213.4,133.9,118.8,141.8,112.0,144.5,239.1,91.0,115.8,59.1,52.2,50.2,90.7,57.6,46.5,114.6,19.2,0.0,68.1,87.6,260.5,115.2,161.9,252.8,155.1,162.7,398.9,201.9,123.4,114.0,106.0,152.6,117.3,158.3,105.6,191.9,90.4,103.9,117.7,112.7,251.3,236.7,174.6
永康市,227.6,159.5,189.3,148.3,280.7,282.9,212.2,250.1,277.5,177.3,154.8,218.4,235.4,183.9,227.4,205.6,188.8,230.8,326.2,347.9,302.6,285.7,329.4,299.9,334.4,276.0,357.0,296.5,208.9,161.1,139.7,159.9,66.5,33.7,96.6,64.9,100.9,69.5,72.6,0.0,174.0,224.3,241.6,129.9,209.0,363.2,390.5,463.5,204.6,200.0,146.3,99.9,214.1,160.4,214.3,72.5,129.9,38.9,123.2,110.6,146.4,256.5,164.1,190.0
衢州市,156.8,107.1,121.6,78.5,218.7,252.1,234.9,217.6,402.6,192.8,190.8,202.4,213.9,174.6,214.5,198.6,206.0,215.6,403.7,218.5,203.9,368.5,211.3,196.3,198.5,164.9,201.2,302.5,173.1,210.4,141.2,146.9,79.0,140.4,170.6,141.1,96.2,102.4,113.1,110.9,0.0,52.1,34.9,46.6,51.4,249.8,257.3,596.4,378.1,218.1,314.5,200.6,228.7,197.4,227.2,148.4,251.2,133.2,79.4,95.8,127.7,171.0,201.5,135.3
常山县,150.0,100.3,114.9,71.7,211.9,245.3,228.1,210.8,452.4,186.0,184.0,195.6,207.1,167.8,207.7,191.8,199.2,208.8,447.3,211.7,197.2,413.5,204.5,189.5,191.7,158.2,194.4,335.4,166.3,203.7,134.4,140.1,72.2,190.6,221.1,134.3,147.5,95.6,106.4,104.1,45.4,0.0,37.2,98.7,32.0,243.0,250.5,646.2,427.4,211.3,366.3,193.8,221.9,190.7,220.4,141.6,290.0,126.4,72.6,89.0,120.9,172.7,226.2,137.0
开化县,143.2,93.5,108.0,65.8,220.8,254.3,237.0,219.8,447.8,194.9,192.9,204.6,216.1,176.7,216.7,200.8,208.2,217.8,431.8,204.9,190.3,400.2,197.7,182.7,184.9,151.3,187.6,310.1,169.6,212.6,137.7,149.0,81.2,208.4,221.2,143.3,152.7,104.6,115.3,113.0,54.3,41.7,0.0,111.8,73.3,251.9,259.5,640.7,446.2,220.3,377.6,202.8,230.9,199.6,229.3,150.6,320.9,135.4,81.6,97.9,129.9,181.5,263.8,145.8
龙游县,126.5,76.9,91.4,48.2,186.6,220.0,202.8,185.5,358.6,168.6,158.7,178.2,189.7,150.4,190.3,174.4,181.2,191.4,366.8,188.3,173.7,330.2,181.1,166.0,168.3,134.7,171.0,278.4,141.0,178.4,109.1,114.8,47.0,96.8,126.5,109.0,51.7,70.4,81.1,78.8,38.9,98.7,66.4,0.0,93.0,217.7,225.2,552.3,334.4,186.0,268.2,168.6,196.7,165.4,202.3,116.3,220.8,101.2,55.2,71.6,103.5,202.6,188.5,109.0
江山市,157.3,107.6,122.2,79.0,219.2,252.6,235.4,218.1,451.6,193.3,191.3,202.9,214.4,175.1,215.0,199.1,206.5,216.2,455.0,219.1,204.5,419.7,211.9,196.8,199.0,165.5,201.7,351.6,173.6,211.0,141.7,147.4,79.6,175.7,219.5,141.6,144.6,103.0,113.7,111.4,52.7,32.0,44.4,93.0,0.0,250.3,257.8,645.3,409.0,218.6,353.9,201.2,229.3,198.0,227.7,148.9,263.5,133.8,79.9,96.3,128.2,153.4,195.4,117.6
舟山市,161.1,196.6,263.6,226.5,102.0,161.9,163.8,104.4,139.3,243.4,249.1,257.3,268.8,279.9,321.8,248.8,242.1,268.3,244.5,151.2,161.3,236.6,149.6,159.1,191.8,187.9,201.9,379.9,143.8,165.4,169.2,173.8,214.9,392.2,347.0,184.3,419.0,185.6,182.8,232.8,252.3,566.5,279.9,468.7,560.4,0.0,72.4,128.3,249.4,161.5,223.6,196.9,199.5,173.2,221.7,268.9,415.8,255.2,268.7,270.6,265.5,414.6,503.3,337.4
岱山县,140.6,176.0,243.1,206.0,81.5,141.3,143.3,83.9,139.1,222.8,228.5,236.8,248.3,259.4,301.3,228.2,221.6,247.8,226.0,130.7,140.8,225.8,129.0,138.5,171.3,167.3,181.3,371.3,123.2,144.9,148.6,153.3,194.4,417.7,363.7,163.8,437.6,165.1,162.2,212.3,231.8,584.8,259.4,488.4,581.0,44.6,0.0,83.4,292.5,140.9,257.0,176.4,178.9,152.6,201.2,248.3,452.7,234.6,248.1,250.0,245.0,394.0,537.0,316.9
嵊泗县,183.8,229.0,287.0,258.9,206.1,269.7,273.8,190.0,193.8,344.8,324.4,358.7,370.2,375.2,417.1,350.2,346.9,369.8,243.1,140.7,170.1,256.4,141.8,165.4,190.5,207.6,201.6,397.8,193.3,223.9,216.2,223.4,272.6,488.6,426.0,255.7,500.8,241.9,250.8,290.4,305.2,646.2,317.0,552.3,645.3,223.9,231.5,0.0,376.0,271.7,336.3,272.9,309.4,268.7,328.5,328.0,533.3,312.8,321.4,337.8,336.9,469.0,614.8,394.3
台州市,155.4,174.1,206.9,169.8,125.4,94.2,77.0,129.9,253.5,90.3,96.0,104.2,115.7,126.9,168.7,95.7,89.1,115.3,361.6,186.1,164.5,327.3,177.0,173.0,200.4,182.1,205.4,415.8,134.6,103.4,142.6,90.7,136.2,237.9,259.4,101.8,300.7,124.5,124.3,141.4,175.5,427.4,203.1,334.4,409.0,153.7,161.2,376.0,0.0,67.9,101.4,57.3,62.4,37.8,69.8,149.1,187.0,163.8,191.9,159.1,154.0,303.1,285.8,225.9
三门县,256.5,272.9,352.4,313.8,130.0,92.8,31.1,159.6,178.8,211.3,189.0,269.5,300.5,291.3,356.8,246.3,175.8,282.8,289.0,295.8,245.9,256.3,267.9,281.4,353.3,315.8,385.7,356.4,197.0,97.2,195.0,112.0,255.0,233.1,226.3,138.1,282.5,195.2,170.8,200.0,370.6,422.2,434.4,324.5,408.7,188.3,227.8,310.4,74.8,0.0,57.0,106.3,122.1,54.9,163.2,240.0,228.2,204.4,321.3,300.4,313.6,422.6,319.4,372.2
天台县,107.3,133.0,182.8,145.7,101.2,77.8,60.5,103.3,175.2,117.9,123.6,131.9,143.4,154.5,196.4,123.3,116.7,142.9,269.5,133.3,111.8,232.7,124.3,120.2,151.5,134.1,156.5,314.4,81.9,50.6,101.5,75.6,116.2,178.6,170.1,85.6,225.6,86.9,84.1,134.1,153.6,366.3,181.2,268.2,353.9,129.5,137.1,336.3,101.4,43.7,0.0,71.5,83.9,47.7,97.5,170.2,197.7,156.4,170.0,171.9,166.8,315.9,280.1,238.7
仙居县,129.3,124.7,157.5,120.5,154.1,172.7,155.4,153.0,234.1,82.0,61.6,96.0,107.5,112.4,154.3,87.4,84.2,107.0,316.7,178.9,161.4,277.6,171.7,156.6,179.6,151.0,182.3,335.1,124.5,145.9,93.3,82.3,86.8,133.5,158.3,52.5,194.7,75.2,75.0,92.1,126.2,324.1,153.8,229.3,307.8,185.2,192.8,400.3,106.0,138.8,64.1,0.0,120.9,109.6,105.2,108.1,134.3,114.4,142.5,109.8,104.7,253.8,216.6,176.6
温岭市,356.3,342.4,399.4,358.1,250.2,197.3,152.9,279.9,300.4,118.9,108.2,169.0,200.7,214.1,280.9,146.1,72.9,180.4,406.3,415.4,364.9,371.1,388.1,395.0,460.8,415.9,491.6,451.8,303.4,200.8,278.0,214.2,280.4,245.6,282.9,177.9,314.2,246.8,226.7,214.1,383.1,430.0,452.8,341.9,408.8,294.4,338.4,421.8,47.7,122.1,140.2,124.6,0.0,88.5,45.3,215.2,165.6,195.7,311.6,279.7,269.7,364.5,265.8,333.7
临海市,150.7,170.5,203.3,166.3,116.0,92.5,75.3,120.5,219.5,95.3,101.0,109.2,120.7,131.9,173.7,100.7,94.1,120.2,319.8,176.7,155.1,283.6,167.6,163.6,194.9,177.5,199.9,364.8,125.2,94.0,139.1,87.1,132.6,194.1,207.6,98.3,252.6,120.9,120.8,137.8,172.0,384.8,199.6,289.4,368.5,144.3,151.8,364.3,52.6,58.5,51.8,53.8,66.2,0.0,74.8,153.8,173.4,160.2,188.3,155.5,150.5,299.6,266.0,222.4
玉环市,193.0,211.7,244.5,207.4,156.6,114.4,97.2,161.2,339.2,80.4,86.1,94.3,105.8,117.0,158.8,85.8,80.1,105.4,440.6,223.7,202.1,404.0,214.6,210.6,238.0,219.8,243.0,474.3,172.2,141.0,180.3,128.3,173.8,242.8,294.2,139.5,315.0,162.1,162.0,179.0,213.2,418.7,240.7,336.4,395.0,187.7,195.3,466.6,91.0,90.9,171.3,95.0,49.2,75.4,0.0,139.2,138.6,185.9,229.5,164.3,159.3,308.4,236.5,231.2
丽水市,164.9,123.5,153.7,116.6,210.0,238.3,221.0,209.0,344.6,142.1,144.4,153.8,165.3,169.8,211.6,147.9,154.6,165.0,398.6,214.5,197.8,358.1,207.3,192.2,214.9,181.4,217.6,363.6,164.4,201.8,132.5,138.2,82.5,72.5,164.2,126.8,140.8,92.9,103.4,87.7,122.2,218.8,149.8,144.2,195.0,241.1,248.7,525.5,221.7,204.4,194.5,192.0,192.1,175.2,176.5,0.0,76.8,59.8,138.5,130.2,125.1,274.2,92.6,197.0
青田县,183.7,151.6,181.7,144.6,208.5,177.0,159.8,207.4,367.3,53.5,61.7,55.3,66.8,72.4,114.3,48.6,54.6,66.5,439.8,233.3,215.8,399.5,226.1,211.0,234.0,205.4,236.7,425.9,178.9,186.8,147.7,136.7,111.0,143.4,226.4,106.9,215.6,115.3,115.2,116.2,130.3,290.0,157.9,220.8,263.5,237.1,244.7,533.3,187.0,151.3,197.7,144.0,94.2,117.5,78.5,42.6,0.0,89.3,155.1,68.1,63.0,212.1,100.2,134.9
缙云县,157.9,116.5,146.6,109.5,203.0,231.2,214.0,201.9,304.4,99.9,102.2,111.6,123.1,127.6,169.4,105.7,112.4,122.8,361.1,207.4,190.8,320.5,200.2,185.2,207.9,174.3,210.6,335.4,157.4,194.8,125.5,131.2,75.5,56.0,135.4,119.8,130.0,85.9,96.4,80.7,115.2,234.5,142.7,147.8,214.6,234.1,241.6,485.4,194.6,197.3,156.3,185.0,149.9,168.1,134.3,32.8,91.3,0.0,131.5,88.0,82.9,232.0,132.5,154.8
遂昌县,202.7,170.5,191.6,148.4,227.5,234.8,217.5,226.4,391.1,121.5,123.8,131.1,142.6,103.3,143.2,127.3,134.7,144.3,418.3,252.2,234.8,379.5,245.0,229.9,252.9,224.3,255.7,346.1,197.9,219.2,166.6,155.7,129.9,93.6,169.3,125.8,106.2,134.2,134.1,135.2,133.8,123.1,161.4,74.2,97.9,258.5,266.1,581.7,314.3,200.9,269.1,196.9,171.5,171.7,155.9,84.8,166.9,131.5,0.0,24.5,56.4,205.5,116.0,128.3
松阳县,317.8,226.2,203.8,173.5,390.8,388.3,317.1,359.8,387.0,194.4,184.4,206.7,208.6,142.3,152.9,205.8,227.9,214.4,425.2,449.0,406.5,385.5,433.0,396.3,417.0,356.5,434.3,366.2,311.6,271.7,237.8,270.4,107.8,88.7,177.7,173.9,126.7,167.0,178.8,110.6,125.9,160.8,193.5,106.7,134.1,472.3,500.8,574.1,286.2,300.4,251.3,194.3,279.7,252.8,262.3,64.8,129.4,96.0,38.6,0.0,57.1,151.6,82.5,80.0
云和县,367.1,280.2,260.7,230.5,417.1,405.1,334.6,394.7,422.1,167.1,164.7,164.8,160.7,94.0,95.7,169.1,207.8,170.1,471.0,493.5,448.8,430.7,475.6,443.3,469.1,408.9,487.8,420.9,354.7,301.8,283.1,303.0,160.9,134.3,227.7,202.3,182.9,211.4,218.8,146.4,176.8,203.5,240.3,163.1,173.3,494.6,526.8,603.4,285.7,313.6,271.0,208.7,269.7,261.5,244.0,78.0,105.4,118.2,90.7,57.1,0.0,112.1,25.5,64.0
庆元县,295.3,245.6,260.1,216.9,355.9,363.2,345.9,354.8,533.5,243.3,252.2,229.2,240.7,201.3,241.3,229.9,263.1,243.9,576.8,357.0,342.4,537.0,349.8,334.7,337.0,303.4,339.7,511.5,311.5,347.6,279.6,284.1,217.5,239.6,329.0,254.2,271.4,240.9,251.6,249.3,190.6,228.7,182.3,235.5,197.3,387.0,394.5,715.4,387.6,329.3,382.3,325.4,299.9,300.1,284.3,213.2,200.8,259.9,217.9,190.2,157.3,0.0,103.2,131.5
景宁畲族自治县,188.6,153.2,167.7,124.5,213.4,220.7,203.4,212.3,436.7,87.8,105.5,73.7,85.2,45.8,85.9,74.4,113.9,88.4,490.1,238.1,220.7,449.7,230.9,215.9,238.9,210.2,241.6,444.4,183.8,205.1,152.6,141.6,115.8,155.5,249.4,111.7,207.5,120.2,120.0,121.1,110.0,226.2,137.5,188.5,195.4,244.5,252.0,614.8,285.8,186.8,280.1,182.9,148.7,157.6,133.1,70.7,100.2,117.4,134.7,47.7,14.8,161.5,0.0,84.3
龙泉市,220.6,170.9,185.4,142.2,278.5,285.8,268.5,277.4,467.0,165.8,174.8,151.8,163.3,123.9,163.8,152.4,185.7,166.5,503.5,282.3,267.7,464.1,275.1,260.1,262.3,228.7,265.0,434.6,235.0,270.2,203.1,206.6,141.0,168.6,254.7,176.8,194.8,164.4,175.1,172.8,132.9,165.9,146.0,159.1,133.9,309.5,317.1,653.2,348.4,251.9,326.3,247.9,222.5,222.7,206.8,135.8,169.4,182.5,149.2,112.8,79.9,131.2,74.8,0.0
